delegacion,colonia,poblacion
ÁLVARO OBREGÓN,AMPLIACION PRESIDENTES,3218
ÁLVARO OBREGÓN,1ERA SECCION CAÑADA,1770
ÁLVARO OBREGÓN,1ERA  VICTORIA,5726
ÁLVARO OBREGÓN,2DA AMPLIACION PRESIDENTES,6087
ÁLVARO OBREGÓN,2DA DEL MORAL,1493
ÁLVARO OBREGÓN,2DA SECCION CAÑADA,1274
ÁLVARO OBREGÓN,2DO REACOMODO TLACUITLAPA,5368
ÁLVARO OBREGÓN,8 DE AGOSTO,590
ÁLVARO OBREGÓN,ABRAHAM GONZALEZ,314
ÁLVARO OBREGÓN,ACUEDUCTO,1631
ÁLVARO OBREGÓN,ACUILOTLA,923
ÁLVARO OBREGÓN,ALCANTARILLA,1870
ÁLVARO OBREGÓN,ALFONSO XIII,8289
ÁLVARO OBREGÓN,ALTAVISTA,575
ÁLVARO OBREGÓN,AMPLIACION  ALPES,2921
ÁLVARO OBREGÓN,LOMAS DEL CAPULIN,636
ÁLVARO OBREGÓN,AMPLIACION ESTADO DE HIDALGO,1191
ÁLVARO OBREGÓN,AMPLIACION JALALPA,2442
ÁLVARO OBREGÓN,AMPLIACION LA CEBADA,1185
ÁLVARO OBREGÓN,AMPLIACION LA MEXICANA,3954
ÁLVARO OBREGÓN,AMPLIACION LAS AGUILAS,6430
ÁLVARO OBREGÓN,AMPLIACION PILOTO ADOLFO LOPEZ MATEOS,8335
ÁLVARO OBREGÓN,AMPLIACION TEPEACA,1251
ÁLVARO OBREGÓN,AMPLIACION TLACUITLAPA,464
ÁLVARO OBREGÓN,ARCOS DEL CENTENARIO,99
ÁLVARO OBREGÓN,ARTURO MARTINEZ,2760
ÁLVARO OBREGÓN,ARVIDE,4276
ÁLVARO OBREGÓN,ATLAMAYA,691
ÁLVARO OBREGÓN,AVE REAL,1703
ÁLVARO OBREGÓN,BALCONES DE CEGUAYO,2792
ÁLVARO OBREGÓN,ALFALFAR,1915
ÁLVARO OBREGÓN,LA OTRA BANDA,2402
ÁLVARO OBREGÓN,BARRIO LORETO,966
ÁLVARO OBREGÓN,BARRIO NORTE,15289
ÁLVARO OBREGÓN,SANTA MARIA NONOALCO,4144
ÁLVARO OBREGÓN,BEJERO,1270
ÁLVARO OBREGÓN,BELEN DE LAS FLORES,4233
ÁLVARO OBREGÓN,BELLAVISTA,8529
ÁLVARO OBREGÓN,BONANZA,815
ÁLVARO OBREGÓN,BOSQUE,1520
ÁLVARO OBREGÓN,CALZADA DE JALALPA,4581
ÁLVARO OBREGÓN,CAMPESTRE,1883
ÁLVARO OBREGÓN,CAMPO DE TIRO LOS GAMITOS,118
ÁLVARO OBREGÓN,CANUTILLO,1148
ÁLVARO OBREGÓN,CANUTILLO 2DA SECCION,3399
ÁLVARO OBREGÓN,CANUTILLO 3ERA SECCION,228
ÁLVARO OBREGÓN,CARLOS A MADRAZO,1201
ÁLVARO OBREGÓN,CAROLA,5644
ÁLVARO OBREGÓN,CEGUAYA,536
ÁLVARO OBREGÓN,CHIMALISTAC,967
ÁLVARO OBREGÓN,COLINAS DEL SUR,7848
ÁLVARO OBREGÓN,COLINAS DE TARANGO,3180
ÁLVARO OBREGÓN,COOPERATIVA UNION OLIVOS,539
ÁLVARO OBREGÓN,CORPUS CHRISTY,6469
ÁLVARO OBREGÓN,COVE,4747
ÁLVARO OBREGÓN,CRISTO REY,7007
ÁLVARO OBREGÓN,CUEVITAS,2029
ÁLVARO OBREGÓN,DESARROLLO URBANO,4014
ÁLVARO OBREGÓN,DOS RIOS DEL PUEBLO SANTA LUCIA,1180
ÁLVARO OBREGÓN,EJIDO SAN MATEO,182
ÁLVARO OBREGÓN,EL ARBOL,631
ÁLVARO OBREGÓN,EL CAPULIN,1738
ÁLVARO OBREGÓN,EL CUERNITO,58
ÁLVARO OBREGÓN,EL ENCINO,1158
ÁLVARO OBREGÓN,EL MIRADOR,437
ÁLVARO OBREGÓN,EL PIRU 2A AMPLIACION,1173
ÁLVARO OBREGÓN,EL PIRU SANTA FE,1249
ÁLVARO OBREGÓN,EL PIRU,1291
ÁLVARO OBREGÓN,EL POCITO,955
ÁLVARO OBREGÓN,EL POLITACO,468
ÁLVARO OBREGÓN,EL RINCON,310
ÁLVARO OBREGÓN,EL RODEO,212
ÁLVARO OBREGÓN,EL RUEDO,258
ÁLVARO OBREGÓN,EL TEJOCOTE,1282
ÁLVARO OBREGÓN,ERMITA TIZAPAN,1936
ÁLVARO OBREGÓN,ESTADO DE HIDALGO,4011
ÁLVARO OBREGÓN,GUADALUPE CHIMALISTAC,1125
ÁLVARO OBREGÓN,EXHACIENDA DE TARANGO,2023
ÁLVARO OBREGÓN,FLOR DE MARIA,2092
ÁLVARO OBREGÓN,FLORIDA,5524
ÁLVARO OBREGÓN,FRANCISCO VILLA,5408
ÁLVARO OBREGÓN,GALEANA,699
ÁLVARO OBREGÓN,GARCIMARRERO,7216
ÁLVARO OBREGÓN,GOLONDRINAS,2197
ÁLVARO OBREGÓN,GOLONDRINAS 1A SECCION,2422
ÁLVARO OBREGÓN,GOLONDRINAS 2A SECCION,4684
ÁLVARO OBREGÓN,GUADALUPE INN,3599
ÁLVARO OBREGÓN,HERON PROAL,2044
ÁLVARO OBREGÓN,HIDALGO,1941
ÁLVARO OBREGÓN,HOGAR Y REDENCION,7970
ÁLVARO OBREGÓN,HUEYTLALE,564
ÁLVARO OBREGÓN,ISIDRO FABELA,2474
ÁLVARO OBREGÓN,JALALPA EL GRANDE,10379
ÁLVARO OBREGÓN,JALALPA TEPITO,4077
ÁLVARO OBREGÓN,JALALPA TEPITO 2A AMPLIACION,9069
ÁLVARO OBREGÓN,JARDINES DEL PEDREGAL,13403
ÁLVARO OBREGÓN,JOSE MARIA PINO SUAREZ,6925
ÁLVARO OBREGÓN,LA ANGOSTURA,1511
ÁLVARO OBREGÓN,LA ARAÑA,771
ÁLVARO OBREGÓN,LA CASCADA,2437
ÁLVARO OBREGÓN,LA CONCHITA,2952
ÁLVARO OBREGÓN,ESTRELLA,593
ÁLVARO OBREGÓN,LA HERRADURA,496
ÁLVARO OBREGÓN,LA HUERTA,1271
ÁLVARO OBREGÓN,LA JOYA,2810
ÁLVARO OBREGÓN,LA JOYITA,1013
ÁLVARO OBREGÓN,LA MARTINICA,2436
ÁLVARO OBREGÓN,LA MEXICANA,3974
ÁLVARO OBREGÓN,LA MEXICANA 2DA AMPLIACION,316
ÁLVARO OBREGÓN,LA MILAGROSA,918
ÁLVARO OBREGÓN,LA PALMITA,1103
ÁLVARO OBREGÓN,LA PEÑITA ,814
ÁLVARO OBREGÓN,LA PRESA,1122
ÁLVARO OBREGÓN,LADERA GRANDE CEBADILLA,1423
ÁLVARO OBREGÓN,LAS AGUILAS,6488
ÁLVARO OBREGÓN,LAS AGUILAS 1A SECCION,2900
ÁLVARO OBREGÓN,LAS AGUILAS 2DO PARQUE,84
ÁLVARO OBREGÓN,LAS AGUILAS 3ER PARQUE,5143
ÁLVARO OBREGÓN,LAS AMERICAS,39
ÁLVARO OBREGÓN,LIBERACION PROLETARIA,1952
ÁLVARO OBREGÓN,LIBERALES DE 1857,5615
ÁLVARO OBREGÓN,LLANO REDONDO,1377
ÁLVARO OBREGÓN,LOMAS DE AXOMIATLA,1334
ÁLVARO OBREGÓN,LOMAS DE BECERRA,14035
ÁLVARO OBREGÓN,LOMAS DE CAPULA,5386
ÁLVARO OBREGÓN,LOMAS DE CHAMONTOYA,6564
ÁLVARO OBREGÓN,LOMAS DE GUADALUPE,1252
ÁLVARO OBREGÓN,LOMAS DE LA ERA,13700
ÁLVARO OBREGÓN,LOMAS DE LAS AGUILAS,2711
ÁLVARO OBREGÓN,LOMAS DE LOS ANGELES ,4194
ÁLVARO OBREGÓN,LOMAS DE LOS CEDROS,4826
ÁLVARO OBREGÓN,LOMAS DE NUEVO MEXICO,2087
ÁLVARO OBREGÓN,LOMAS DE PLATEROS,16823
ÁLVARO OBREGÓN,LOMAS DE PUERTA GRANDE,1645
ÁLVARO OBREGÓN,LOMAS DE SAN ANGEL INN,3545
ÁLVARO OBREGÓN,LOMAS DE SANTA FE,260
ÁLVARO OBREGÓN,LOMAS DE TARANGO,2447
ÁLVARO OBREGÓN,LOS ALPES,3019
ÁLVARO OBREGÓN,LOS CEDROS,892
ÁLVARO OBREGÓN,LOS GAMITOS,852
ÁLVARO OBREGÓN,LOS JURISTAS,772
ÁLVARO OBREGÓN,MARGARITA MAZA DE JUAREZ,1109
ÁLVARO OBREGÓN,MARIA G DE GARCIA RUIZ,2869
ÁLVARO OBREGÓN,MARTIRES DE TACUBAYA,675
ÁLVARO OBREGÓN,MERCED GOMEZ,8601
ÁLVARO OBREGÓN,GAONA ARMENTA,922
ÁLVARO OBREGÓN,MIGUEL HIDALGO,784
ÁLVARO OBREGÓN,MINAS DE CRISTO,3419
ÁLVARO OBREGÓN,MOLINO DE ROSAS,7834
ÁLVARO OBREGÓN,MOLINO DE SANTO DOMINGO,7545
ÁLVARO OBREGÓN,OCOTILLOS ,625
ÁLVARO OBREGÓN,OLIVAR DE LOS PADRES,11154
ÁLVARO OBREGÓN,OLIVAR DEL CONDE 1ERA SECCION,14559
ÁLVARO OBREGÓN,OLIVAR DEL CONDE 2DA SECCION,15135
ÁLVARO OBREGÓN,PALMAS,3502
ÁLVARO OBREGÓN,PALMAS AXOTITLA,2087
ÁLVARO OBREGÓN,EL PARAISO,4728
ÁLVARO OBREGÓN,PASEO DE LAS LOMAS,153
ÁLVARO OBREGÓN,PILOTO ADOLFO LOPEZ MATEOS,5891
ÁLVARO OBREGÓN,PIRU SANTA LUCIA,275
ÁLVARO OBREGÓN,POLVORA,2052
ÁLVARO OBREGÓN,PONCIANO ARRIAGA,1515
ÁLVARO OBREGÓN,PRECONCRETO,1990
ÁLVARO OBREGÓN,PRESIDENTES,4513
ÁLVARO OBREGÓN, ARTURO MARTINEZ,1939
ÁLVARO OBREGÓN,PROGRESO TIZAPAN,6842
ÁLVARO OBREGÓN,AXOTLA,2370
ÁLVARO OBREGÓN,PUEBLO NUEVO,856
ÁLVARO OBREGÓN,SAN BARTOLO AMEYALCO,23794
ÁLVARO OBREGÓN,PUEBLO SANTA FE,6047
ÁLVARO OBREGÓN,PUEBLO SANTA LUCIA,12871
ÁLVARO OBREGÓN,PUEBLO SANTA LUCIA CHANTEPEC,2599
ÁLVARO OBREGÓN,SANTA ROSA XOCHIAC,16065
ÁLVARO OBREGÓN,TETELPAN,6188
ÁLVARO OBREGÓN,TIZAPAN,4110
ÁLVARO OBREGÓN,TLACOPAC,1420
ÁLVARO OBREGÓN,PUENTE COLORADO,5752
ÁLVARO OBREGÓN,PUERTA GRANDE,3973
ÁLVARO OBREGÓN,PUNTA DE CEGUAYO,3407
ÁLVARO OBREGÓN,RANCHO SAN FRANCISCO,859
ÁLVARO OBREGÓN,REACOMODO EL CUERNITO,2279
ÁLVARO OBREGÓN,REACOMODO PINO SUAREZ,1067
ÁLVARO OBREGÓN,VALENTIN GOMEZ FARIAS,1772
ÁLVARO OBREGÓN,REAL DEL MONTE,2181
ÁLVARO OBREGÓN,RINCON DE LA BOLSA,1554
ÁLVARO OBREGÓN,RINCONADA DE TARANGO,64
ÁLVARO OBREGÓN,RINCONADA LAS CUEVITAS,1732
ÁLVARO OBREGÓN,SACRAMENTO,1173
ÁLVARO OBREGÓN,SAN AGUSTIN ,4370
ÁLVARO OBREGÓN,SAN ANGEL,2657
ÁLVARO OBREGÓN,SAN ANGEL INN,1288
ÁLVARO OBREGÓN,SAN CLEMENTE NORTE,3659
ÁLVARO OBREGÓN,SAN CLEMENTE SUR,5039
ÁLVARO OBREGÓN,SAN GABRIEL,643
ÁLVARO OBREGÓN,SAN JERONIMO ACULCO,414
ÁLVARO OBREGÓN,SAN JOSE DEL OLIVAR,808
ÁLVARO OBREGÓN,SAN PEDRO DE LOS PINOS,4523
ÁLVARO OBREGÓN,SANTA FE,1334
ÁLVARO OBREGÓN,SANTA FE CENTRO CIUDAD,308
ÁLVARO OBREGÓN,SANTA FE LA LOMA,4623
ÁLVARO OBREGÓN,SANTA FE PEÑA BLANCA,123
ÁLVARO OBREGÓN,SANTA LUCIA CHANTEPEC,910
ÁLVARO OBREGÓN,TARANGO,4628
ÁLVARO OBREGÓN,TECALCAPA ,185
ÁLVARO OBREGÓN,TECOLALCO,1009
ÁLVARO OBREGÓN,TEPEACA,1198
ÁLVARO OBREGÓN,TEPOPOTLA,2244
ÁLVARO OBREGÓN,TIZAMPAMPANO ,504
ÁLVARO OBREGÓN,TLACOYAQUE,6062
ÁLVARO OBREGÓN,TLACUITLAPA,2136
ÁLVARO OBREGÓN,TLAPECHICO,4359
ÁLVARO OBREGÓN,TOLTECA,1727
ÁLVARO OBREGÓN,TORRES DE POTRERO,14351
ÁLVARO OBREGÓN,VILLA PROGRESISTA,2297
ÁLVARO OBREGÓN,VILLA SOLIDARIDAD,678
ÁLVARO OBREGÓN,VILLA VERDUM,2681
ÁLVARO OBREGÓN,ZENON DELGADO,2658
AZCAPOTZALCO,AGUILERA,2014
AZCAPOTZALCO,ALDANA,3228
AZCAPOTZALCO,AMPLIACION COSMOPOLITA,992
AZCAPOTZALCO,AMPLIACION DEL GAS,1254
AZCAPOTZALCO,AMPLIACION PETROLERA,1491
AZCAPOTZALCO,AMPLIACION SAN PEDRO XALPA,19087
AZCAPOTZALCO,ANGEL ZIMBRON,2737
AZCAPOTZALCO,EL ARENAL,4817
AZCAPOTZALCO,HUAUTLA DE LAS SALINAS,166
AZCAPOTZALCO,BARRIO LOS REYES,3437
AZCAPOTZALCO,BARRIO NEXTENGO,3802
AZCAPOTZALCO,BARRIO SAN ANDRES,7072
AZCAPOTZALCO,SAN BERNABE,912
AZCAPOTZALCO,SAN MARCOS,7041
AZCAPOTZALCO,SAN MATEO,2065
AZCAPOTZALCO,BARRIO SANTA APOLONIA,4253
AZCAPOTZALCO,BARRIO SANTA LUCIA,649
AZCAPOTZALCO,CENTRO DE AZCAPOTZALCO (Villa de azcapotzalco y barrio san simon),3043
AZCAPOTZALCO,CLAVERIA,9570
AZCAPOTZALCO,COLTONGO,4173
AZCAPOTZALCO,COSMOPOLITA,3072
AZCAPOTZALCO,DEL GAS,4893
AZCAPOTZALCO,DEL MAESTRO,718
AZCAPOTZALCO,EL RECREO,9261
AZCAPOTZALCO,BARRIO JAGUEY,1924
AZCAPOTZALCO,EL ROSARIO,29252
AZCAPOTZALCO,EUZKADI,4428
AZCAPOTZALCO,EX-HACIENDA EL ROSARIO,13072
AZCAPOTZALCO,FERRERIA,1619
AZCAPOTZALCO,IGNACIO ALLENDE,1601
AZCAPOTZALCO,INDUSTRIAL SAN ANTONIO,14
AZCAPOTZALCO,INDUSTRIAL VALLEJO,965
AZCAPOTZALCO,JARDIN AZPEITIA,2528
AZCAPOTZALCO,LA PRECIOSA,3750
AZCAPOTZALCO,LA RAZA,2488
AZCAPOTZALCO,LAS SALINAS,906
AZCAPOTZALCO,LIBERACION,2414
AZCAPOTZALCO,LIBERTAD,1163
AZCAPOTZALCO,MONTE ALTO,1119
AZCAPOTZALCO,NUEVA EL ROSARIO,4582
AZCAPOTZALCO,NUEVA ESPAÑA,1931
AZCAPOTZALCO,NUEVA SANTA MARIA,15149
AZCAPOTZALCO,NUEVO SAN RAFAEL,2786
AZCAPOTZALCO,OBRERO POPULAR,4853
AZCAPOTZALCO,PASTEROS,6267
AZCAPOTZALCO,PATRIMONIO FAMILIAR,979
AZCAPOTZALCO,PETROLERA,3071
AZCAPOTZALCO,PLENITUD,3551
AZCAPOTZALCO,EL PORVENIR,3638
AZCAPOTZALCO,POTRERO DEL LLANO,1323
AZCAPOTZALCO,PRADOS DEL ROSARIO,5324
AZCAPOTZALCO,PRO-HOGAR,12486
AZCAPOTZALCO,PROVIDENCIA,7276
AZCAPOTZALCO,PUEBLO SAN ANDRES,6493
AZCAPOTZALCO,SAN ANDRES DE LAS SALINAS,241
AZCAPOTZALCO,PUEBLO SAN BARTOLO CAHUALTONGO (ESTA ES AMPLIACION PETROLERA NO SEQUE VERGAS),3042
AZCAPOTZALCO,SAN FRANCISCO TETECALA,2780
AZCAPOTZALCO,SAN FRANCISCO XOCOTITLA,1770
AZCAPOTZALCO,SAN JUAN TLIHUACA,11900
AZCAPOTZALCO,SAN MARTIN XOCHINAHUAC,18497
AZCAPOTZALCO,SAN MIGUEL AMANTLA,8305
AZCAPOTZALCO,SAN PEDRO XALPA,9951
AZCAPOTZALCO,SANTA BARBARA,8918
AZCAPOTZALCO,SANTA CATARINA,3614
AZCAPOTZALCO,SANTA CRUZ ACAYUCAN,1885
AZCAPOTZALCO,SANTA MARIA MANINALCO,7061
AZCAPOTZALCO,SANTIAGO AHUIZOTLA,12453
AZCAPOTZALCO,SANTO DOMINGO,4922
AZCAPOTZALCO,REYNOSA TAMAULIPAS,7490
AZCAPOTZALCO,SAN ALVARO,6743
AZCAPOTZALCO,SAN ANTONIO,4071
AZCAPOTZALCO,SAN RAFAEL,2127
AZCAPOTZALCO,SAN SALVADOR XOCHIMANCA,1032
AZCAPOTZALCO,BARRIO SAN SEBASTIAN,4669
AZCAPOTZALCO,SANTA CRUZ DE LAS SALINAS,355
AZCAPOTZALCO,SANTA INES,3231
AZCAPOTZALCO,BARRIO SANTO TOMAS,3450
AZCAPOTZALCO,SECTOR NAVAL,363
AZCAPOTZALCO,SINDICATO MEXICANO DE ELECTRICISTAS,3891
AZCAPOTZALCO,TEZOZOMOC,10171
AZCAPOTZALCO,TIERRA NUEVA,3169
AZCAPOTZALCO,TLATILCO,4695
AZCAPOTZALCO,TRABAJADORES DEL HIERRO,3087
AZCAPOTZALCO,UN HOGAR PARA CADA TRABAJADOR,1577
AZCAPOTZALCO,UNIDAD HABITACIONAL CUITLAHUAC,8494
AZCAPOTZALCO,VICTORIA DE LAS DEMOCRACIAS,4029
BENITO JUAREZ,8 DE AGOSTO,2704
BENITO JUAREZ,ACACIAS,5845
BENITO JUAREZ,ACTIPAN,3251
BENITO JUAREZ,ALAMOS,19120
BENITO JUAREZ,ALBERT,3208
BENITO JUAREZ,AMERICAS UNIDAS,3231
BENITO JUAREZ,AMPLIACION NAPOLES,3381
BENITO JUAREZ,ATENOR SALAS,1746
BENITO JUAREZ,CIUDAD DE LOS DEPORTES,4100
BENITO JUAREZ,CREDITO CONSTRUCTOR,781
BENITO JUAREZ,DEL CARMEN,2781
BENITO JUAREZ,DEL LAGO,437
BENITO JUAREZ,DEL VALLE CENTRO,22008
BENITO JUAREZ,DEL VALLE NORTE,20641
BENITO JUAREZ,DEL VALLE SUR,23574
BENITO JUAREZ,ERMITA,1396
BENITO JUAREZ,EXTREMADURA INSURGENTES,1910
BENITO JUAREZ,GENERAL PEDRO MARIA ANAYA,6477
BENITO JUAREZ,INDEPENDENCIA,10003
BENITO JUAREZ,INSURGENTES MIXCOAC,5184
BENITO JUAREZ,INSURGENTES SAN BORJA,788
BENITO JUAREZ,IZTACCIHUATL,2889
BENITO JUAREZ,JOSEFA ORTIZ DE DOMINGUEZ,1375
BENITO JUAREZ,LETRAN VALLE,9815
BENITO JUAREZ,MERCED GOMEZ,1543
BENITO JUAREZ,MIGUEL ALEMAN,1096
BENITO JUAREZ,MIRAVALLE,1899
BENITO JUAREZ,MIXCOAC,4329
BENITO JUAREZ,MODERNA,9952
BENITO JUAREZ,NAPOLES,12106
BENITO JUAREZ,NARVARTE ORIENTE (integrar U HAB),27300
BENITO JUAREZ,NARVARTE PONIENTE,24750
BENITO JUAREZ,NATIVITAS,10265
BENITO JUAREZ,NIÑOS HEROES DE CHAPULTEPEC,8724
BENITO JUAREZ,NOCHEBUENA,2257
BENITO JUAREZ,PERIODISTA FRANCISCO ZARCO,924
BENITO JUAREZ,PIEDAD NARVARTE,4576
BENITO JUAREZ,PORTALES NORTE,20924
BENITO JUAREZ,PORTALES ORIENTE,5434
BENITO JUAREZ,PORTALES SUR,15991
BENITO JUAREZ,POSTAL,4078
BENITO JUAREZ,EMPERADORES,1341
BENITO JUAREZ,SAN JOSE INSURGENTES,5958
BENITO JUAREZ,SAN JUAN,3637
BENITO JUAREZ,SAN PEDRO DE LOS PINOS,12007
BENITO JUAREZ,SAN SIMON TICUMAC,11286
BENITO JUAREZ,SANTA CRUZ ATOYAC,8600
BENITO JUAREZ,SANTA MARIA NONOALCO,8154
BENITO JUAREZ,TLACOQUEMECATL,6713
BENITO JUAREZ,VERTIZ NARVARTE,6517
BENITO JUAREZ,VILLA DE CORTES,2606
BENITO JUAREZ,XOCO,4002
BENITO JUAREZ,ZACAHUITZCO,1825
COYOACAN,ADOLFO RUIZ CORTINEZ,14119
COYOACAN,AJUSCO,36665
COYOACAN,ALIANZA POPULAR REVOLUCIONARIA,13627
COYOACAN,ATLANTIDA,850
COYOACAN,AVANTE,9909
COYOACAN,BARRIO DEL NIÑO JESUS,4728
COYOACAN,BARRIO LA CONCEPCION,1393
COYOACAN,BARRIO OXTOPULCO UNIVERSIDAD,2093
COYOACAN,BARRIO SAN LUCAS,4382
COYOACAN,BARRIO SANTA CATARINA,4338
COYOACAN,BOSQUES DE TETLAMEYA,922
COYOACAN,CAFETALES,3167
COYOACAN,CAMPESTRE CHURUBUSCO,12187
COYOACAN,CAMPESTRE COYOACAN,1916
COYOACAN,CANTIL DEL PEDREGAL,1145
COYOACAN,CARMEN SERDAN,8198
COYOACAN,CHURUBUSCO COUNTRY CLUB,2965
COYOACAN,CIUDAD JARDIN,2763
COYOACAN,COPILCO EL ALTO,5455
COYOACAN,COPILCO EL BAJO,4563
COYOACAN,COPILCO UNIVERSIDAD,1339
COYOACAN,CUADRANTE DE SAN FRANCISCO,5066
COYOACAN,CULHUACAN  CTM SECCION PILOTO,3144
COYOACAN,CULHUACAN CTM CANAL NACIONAL,5122
COYOACAN,CULHUACAN CTM CROC,4126
COYOACAN,CULHUACAN CTM SECCION I,1009
COYOACAN,CULHUACAN CTM SECCION II,1621
COYOACAN,CULHUACAN CTM SECCION III,1864
COYOACAN,CULHUACAN CTM SECCION IX-A,6884
COYOACAN,CULHUACAN CTM SECCION IX-B,10168
COYOACAN,CULHUACAN CTM SECCION V,7265
COYOACAN,CULHUACAN CTM SECCION VI,8313
COYOACAN,CULHUACAN CTM SECCION VII,6653
COYOACAN,CULHUACAN CTM SECCION VIII,12242
COYOACAN,CULHUACAN CTM SECCION X,5542
COYOACAN,CULHUACAN CTM SECCION X-A,6091
COYOACAN,DEL CARMEN,10460
COYOACAN,EDUCACION,8951
COYOACAN,EL CARACOL,2447
COYOACAN,EL CENTINELA,2002
COYOACAN,MIRADOR,2712
COYOACAN,EL PARQUE DE COYOACAN,2829
COYOACAN,EL RELOJ,2628
COYOACAN,ROSARIO,521
COYOACAN,EL ROSEDAL,4092
COYOACAN,EMILIANO ZAPATA FRACCIONAMIENTO POPULAR,6011
COYOACAN,ESPARTACO,5674
COYOACAN,EX EJIDO SAN FRANCISCO CULHUACAN,7026
COYOACAN,EX-HACIENDA COAPA,1160
COYOACAN,HACIENDAS DE COYOACAN,1918
COYOACAN,HERMOSILLO,1595
COYOACAN,HUAYAMILPAS,3345
COYOACAN,INSURGENTES CUICUILCO,4486
COYOACAN,JARDINES DE COYOACAN,1922
COYOACAN,JARDINES DEL PEDREGAL DE SAN ANGEL,1354
COYOACAN,JOYAS DEL PEDREGAL,1309
COYOACAN,LAS CAMPANAS,699
COYOACAN,CEDROS,1313
COYOACAN,LOS CIPRESES,1738
COYOACAN,LOS GIRASOLES,5866
COYOACAN,LOS OLIVOS,1082
COYOACAN,LOS SAUCES,1098
COYOACAN,NUEVA DIAZ ORDAZ,2067
COYOACAN,OLIMPICA,1129
COYOACAN,PARQUE SAN ANDRES,5169
COYOACAN,PASEOS DE TAXQUEÑA,17340
COYOACAN,PEDREGAL DE CARRASCO,22150
COYOACAN,PEDREGAL DE SAN FRANCISCO,1238
COYOACAN,PEDREGAL SANTA URSULA,43774
COYOACAN,PEDREGAL DE SANTO DOMINGO,93364
COYOACAN,PETROLERA TAXQUEÑA,1326
COYOACAN,PRADO CHURUBUSCO,10469
COYOACAN,PRADOS DE COYOACAN,2513
COYOACAN,PRESIDENTES EJIDALES,6365
COYOACAN,PUEBLO DE LOS REYES,13793
COYOACAN,PUEBLO DE SAN PABLO TEPETLAPA,5118
COYOACAN,PUEBLO DE SANTA URSULA COAPA,10487
COYOACAN,PUEBLO LA CANDELARIA,11483
COYOACAN,ROMERO DE TERREROS,14554
COYOACAN,SAN DIEGO CHURUBUSCO,3507
COYOACAN,SAN FRANCISCO CULHUACAN BARRIO DE LA MAGDALENA,8668
COYOACAN,SAN FRANCISCO CULHUACAN BARRIO DE SAN FRANCISCO,9831
COYOACAN,SAN FRANCISCO CULHUACAN BARRIO DE SAN JUAN,2581
COYOACAN,SAN FRANCISCO CULHUACAN BARRIO DE SANTA ANA,4807
COYOACAN,SAN MATEO,1269
COYOACAN,SANTA CECILIA,3047
COYOACAN,VIEJO EJIDO DE SANTA URSULA COAPA,8647
COYOACAN,VILLA COYOACAN,1909
COYOACAN,VILLA QUIETUD,3634
COYOACAN,XOTEPINGO,1386
COYOACAN,SIN NOMBRE,1043
CUAJIMALPA DE MORELOS,1ERO DE MAYO,499
CUAJIMALPA DE MORELOS,ABDIAS GARCIA SOTO,1060
CUAJIMALPA DE MORELOS,ADOLFO LOPEZ MATEOS,3025
CUAJIMALPA DE MORELOS,AGUA BENDITA,196
CUAJIMALPA DE MORELOS,AMADO NERVO,310
CUAJIMALPA DE MORELOS,MEMETLA,2575
CUAJIMALPA DE MORELOS,BOSQUES DE LAS LOMAS,13786
CUAJIMALPA DE MORELOS,CAMPESTRE PALO ALTO,523
CUAJIMALPA DE MORELOS,CONTADERO,5462
CUAJIMALPA DE MORELOS,COOPERATIVA PALO ALTO,1458
CUAJIMALPA DE MORELOS,CUAJIMALPA,16606
CUAJIMALPA DE MORELOS,EL EBANO,1165
CUAJIMALPA DE MORELOS,EL MOLINITO,452
CUAJIMALPA DE MORELOS,EL MOLINO,1274
CUAJIMALPA DE MORELOS,EL TIANGUILLO,1262
CUAJIMALPA DE MORELOS,EL YAQUI,3249
CUAJIMALPA DE MORELOS,NAVIDAD,10985
CUAJIMALPA DE MORELOS,GRANJAS PALO ALTO,449
CUAJIMALPA DE MORELOS,JESUS DEL MONTE,7267
CUAJIMALPA DE MORELOS,MANZANITA,3306
CUAJIMALPA DE MORELOS,LA PILA,2812
CUAJIMALPA DE MORELOS,LAS LAJAS,569
CUAJIMALPA DE MORELOS,LAS MAROMAS,2929
CUAJIMALPA DE MORELOS,LAS TINAJAS,1218
CUAJIMALPA DE MORELOS,LOCAXCO,807
CUAJIMALPA DE MORELOS,LOMA DEL PADRE,4033
CUAJIMALPA DE MORELOS,LOMAS DE MEMETLA,1515
CUAJIMALPA DE MORELOS,LOMAS DE SAN PEDRO,1344
CUAJIMALPA DE MORELOS,LOMAS DE VISTA HERMOSA,9608
CUAJIMALPA DE MORELOS,LOMAS DEL CHAMIZAL,6476
CUAJIMALPA DE MORELOS,MANZANASTITLA,1138
CUAJIMALPA DE MORELOS,SAN JOSE DE LOS CEDROS,12895
CUAJIMALPA DE MORELOS,SAN LORENZO ACOPILCO,9316
CUAJIMALPA DE MORELOS,SAN MATEO TLALTENANGO,13435
CUAJIMALPA DE MORELOS,SAN PABLO CHIMALPA,9364
CUAJIMALPA DE MORELOS,SAN PEDRO,1866
CUAJIMALPA DE MORELOS,SANTA FE CUAJIMALPA,5202
CUAJIMALPA DE MORELOS,TEPETONGO,597
CUAJIMALPA DE MORELOS,XALPA,2623
CUAJIMALPA DE MORELOS,ZENTLAPATL,8913
CUAUHTEMOC,ALGARIN,5556
CUAUHTEMOC,AMPLIACION ASTURIAS,5708
CUAUHTEMOC,ASTURIAS,4364
CUAUHTEMOC,ATLAMPA,14433
CUAUHTEMOC,BUENAVISTA,15605
CUAUHTEMOC,BUENOS AIRES,5772
CUAUHTEMOC,CENTRO,61229
CUAUHTEMOC,CONDESA,8453
CUAUHTEMOC,CUAUHTEMOC,11399
CUAUHTEMOC,DOCTORES,44703
CUAUHTEMOC,ESPERANZA,4072
CUAUHTEMOC,EX-HIPODROMO DE PERALVILLO,11711
CUAUHTEMOC,FELIPE PESCADOR,1988
CUAUHTEMOC,GUERRERO,42339
CUAUHTEMOC,HIPODROMO,13572
CUAUHTEMOC,HIPODROMO CONDESA,3204
CUAUHTEMOC,JUAREZ,10184
CUAUHTEMOC,MAZA,2503
CUAUHTEMOC,MORELOS,36590
CUAUHTEMOC,NONOALCO TLATELOLCO,27843
CUAUHTEMOC,OBRERA,35224
CUAUHTEMOC,PAULINO NAVARRO,5307
CUAUHTEMOC,PERALVILLO,20213
CUAUHTEMOC,ROMA NORTE,27770
CUAUHTEMOC,ROMA SUR,17435
CUAUHTEMOC,SAN RAFAEL,19684
CUAUHTEMOC,SAN SIMON TOLNAHUAC,9885
CUAUHTEMOC,SANTA MARIA INSURGENTES,1480
CUAUHTEMOC,SANTA MARIA LA RIBERA,40960
CUAUHTEMOC,TABACALERA,3267
CUAUHTEMOC,TRANSITO,9720
CUAUHTEMOC,VALLE GOMEZ,6281
CUAUHTEMOC,VISTA ALEGRE,3377
GUSTAVO A MADERO,15 DE AGOSTO,3099
GUSTAVO A MADERO,25 DE JULIO,3441
GUSTAVO A MADERO,6 DE JUNIO,3241
GUSTAVO A MADERO,7 DE NOVIEMBRE,3869
GUSTAVO A MADERO,ACUEDUCTO DE GUADALUPE,11011
GUSTAVO A MADERO,AHUEHUETES,4945
GUSTAVO A MADERO,AMPLIACION ARBOLEDAS,1490
GUSTAVO A MADERO,AMPLIACION BENITO JUAREZ,3437
GUSTAVO A MADERO,CASAS ALEMAN,22556
GUSTAVO A MADERO,AMPLIACION CASTILLO GRANDE,1383
GUSTAVO A MADERO,AMPLIACION EMILIANO ZAPATA,1412
GUSTAVO A MADERO,AMPLIACION GABRIEL HERNANDEZ,15753
GUSTAVO A MADERO,AMPLIACION GUADALUPE PROLETARIA,2898
GUSTAVO A MADERO,AMPLIACION MALACATES,4106
GUSTAVO A MADERO,AMPLIACION MARTIRES DE RIO BLANCO,2107
GUSTAVO A MADERO,AMPLIACION PANAMERICANA,1189
GUSTAVO A MADERO,AMPLIACION PROGRESO NACIONAL,5991
GUSTAVO A MADERO,AMPLIACION PROVIDENCIA,7339
GUSTAVO A MADERO,AMPLIACION SAN JUAN DE ARAGON,223
GUSTAVO A MADERO,ARAGON INGUARAN,4884
GUSTAVO A MADERO,ARAGON LA VILLA,4412
GUSTAVO A MADERO,ARBOLEDAS,7223
GUSTAVO A MADERO,LA CANDELARIA TICOMAN,9563
GUSTAVO A MADERO,GUADALUPE TICOMAN,1825
GUSTAVO A MADERO,LA LAGUNA TICOMAN,2093
GUSTAVO A MADERO,LA PURISIMA TICOMAN,10155
GUSTAVO A MADERO,SAN JUAN TICOMAN,7235
GUSTAVO A MADERO,SAN RAFAEL TICOMAN,997
GUSTAVO A MADERO,BELISARIO DOMINGUEZ,1173
GUSTAVO A MADERO,BENITO JUAREZ,7457
GUSTAVO A MADERO,BONDOJITO,2009
GUSTAVO A MADERO,C.T.M. ARAGON,6848
GUSTAVO A MADERO,CTM ATZACOALCO,8605
GUSTAVO A MADERO,CTM EL RISCO,9374
GUSTAVO A MADERO,CAMPESTRE ARAGON,23702
GUSTAVO A MADERO,CAPULTITLAN,3671
GUSTAVO A MADERO,CASTILLO CHICO,4678
GUSTAVO A MADERO,CASTILLO GRANDE,3890
GUSTAVO A MADERO,CHALMA DE GUADALUPE,35016
GUSTAVO A MADERO,CHURUBUSCO TEPEYAC,1968
GUSTAVO A MADERO,COCOYOTES,6816
GUSTAVO A MADERO,COMPOSITORES MEXICANOS,12040
GUSTAVO A MADERO,CONSTITUCION DE LA REPUBLICA,10618
GUSTAVO A MADERO,CUAUTEPEC BARRIO ALTO,6522
GUSTAVO A MADERO,CUAUTEPEC DE MADERO,9622
GUSTAVO A MADERO,CUCHILLA DEL TESORO,12995
GUSTAVO A MADERO,CUCHILLA LA JOYA,2709
GUSTAVO A MADERO,DEFENSORES DE LA REPUBLICA,3997
GUSTAVO A MADERO,DEL BOSQUE,5658
GUSTAVO A MADERO,DEL CARMEN,7239
GUSTAVO A MADERO,DEL OBRERO,4350
GUSTAVO A MADERO,DINAMITA,1426
GUSTAVO A MADERO,DM NACIONAL,13098
GUSTAVO A MADERO,EL ARBOLILLO,1458
GUSTAVO A MADERO,EL COYOL,5636
GUSTAVO A MADERO,EL OLIVO,3885
GUSTAVO A MADERO,EL TEPETATAL,2168
GUSTAVO A MADERO,EMILIANO ZAPATA,4272
GUSTAVO A MADERO,ESTANZUELA,2229
GUSTAVO A MADERO,ESTRELLA,9176
GUSTAVO A MADERO,EX-EJIDO SAN JUAN DE ARAGON SECTOR 32,1044
GUSTAVO A MADERO,EX-EJIDO SAN JUAN DE ARAGON SECTOR 33,3248
GUSTAVO A MADERO,EX ESCUELA DE TIRO,2244
GUSTAVO A MADERO,FAJA DE ORO,1072
GUSTAVO A MADERO,FERNANDO CASAS ALEMAN,1512
GUSTAVO A MADERO,FERROCARRILERA,356
GUSTAVO A MADERO,FORESTAL,5790
GUSTAVO A MADERO,FORESTAL I,2680
GUSTAVO A MADERO,FORESTAL II,1612
GUSTAVO A MADERO,GABRIEL HERNANDEZ,12139
GUSTAVO A MADERO,GENERAL FELIPE BERRIOZABAL,5052
GUSTAVO A MADERO,GERTRUDIS SANCHEZ 1A  SECCION,2992
GUSTAVO A MADERO,GERTRUDIS SANCHEZ 2A SECCION,8180
GUSTAVO A MADERO,GERTRUDIS SANCHEZ 3A SECCION,8371
GUSTAVO A MADERO,GRACIANO SANCHEZ,518
GUSTAVO A MADERO,GRANJAS MODERNAS,1610
GUSTAVO A MADERO,GUADALUPE INSURGENTES,3975
GUSTAVO A MADERO,GUADALUPE PROLETARIA,8645
GUSTAVO A MADERO,GUADALUPE TEPEYAC,7133
GUSTAVO A MADERO,GUADALUPE VICTORIA,2979
GUSTAVO A MADERO,GUADALUPE VICTORIA CUAUTEPEC,1356
GUSTAVO A MADERO,HEROE DE NACOZARI,2148
GUSTAVO A MADERO,CERRO PRIETO,4529
GUSTAVO A MADERO,HEROES DE CHAPULTEPEC,1293
GUSTAVO A MADERO,INDECO,1925
GUSTAVO A MADERO,INDUSTRIAL,19044
GUSTAVO A MADERO,JORGE NEGRETE,18341
GUSTAVO A MADERO,JUAN GONZALEZ ROMERO,9576
GUSTAVO A MADERO,JUVENTINO ROSAS,1269
GUSTAVO A MADERO,LA CASILDA,7892
GUSTAVO A MADERO,LA CRUZ,4213
GUSTAVO A MADERO,LA ESMERALDA,10046
GUSTAVO A MADERO,LA JOYA,7818
GUSTAVO A MADERO,LA JOYITA,1588
GUSTAVO A MADERO,LA LENGUETA,8157
GUSTAVO A MADERO,MALINCHE,3081
GUSTAVO A MADERO,LA PASTORA,10564
GUSTAVO A MADERO,LA PRADERA,7915
GUSTAVO A MADERO,LEGISLATURA 51,1145
GUSTAVO A MADERO,LINDAVISTA NORTE,11374
GUSTAVO A MADERO,LINDAVISTA SUR,7874
GUSTAVO A MADERO,LINDAVISTA VALLEJO I SECCION,2030
GUSTAVO A MADERO,LINDAVISTA VALLEJO II SECCION,5557
GUSTAVO A MADERO,LINDAVISTA VALLEJO III SECCION,2435
GUSTAVO A MADERO,LOMA DE LA PALMA,13690
GUSTAVO A MADERO,LOMAS DE CUAUTEPEC,10054
GUSTAVO A MADERO,LUIS DONALDO COLOSIO,5496
GUSTAVO A MADERO,MAGDALENA DE LAS SALINAS,5938
GUSTAVO A MADERO,MALACATES,8484
GUSTAVO A MADERO,MARTIN CARRERA,18019
GUSTAVO A MADERO,MARTIRES DE RIO BLANCO,6505
GUSTAVO A MADERO,MAXIMINO AVILA CAMACHO,2264
GUSTAVO A MADERO,MONTEVIDEO,1069
GUSTAVO A MADERO,NARCISO BASSOLS,5014
GUSTAVO A MADERO,NUEVA ATZACOALCO,31034
GUSTAVO A MADERO,NUEVA INDUSTRIAL VALLEJO,10026
GUSTAVO A MADERO,NUEVA TENOCHTITLAN,11027
GUSTAVO A MADERO,NUEVA VALLEJO,4223
GUSTAVO A MADERO,PALMATITLA,10669
GUSTAVO A MADERO,PANAMERICANA,4194
GUSTAVO A MADERO,PARQUE METROPOLITANO,360
GUSTAVO A MADERO,PLANETARIO LINDAVISTA,1409
GUSTAVO A MADERO,PRADERA II SECCION,7850
GUSTAVO A MADERO,PRADOS DE CUAUTEPEC,453
GUSTAVO A MADERO,PROGRESO NACIONAL,14363
GUSTAVO A MADERO,PROVIDENCIA,26086
GUSTAVO A MADERO,PUEBLO SAN JUAN DE ARAGON,20155
GUSTAVO A MADERO,SANTIAGO ATZACOALCO,4789
GUSTAVO A MADERO,RESIDENCIAL ACUEDUCTO DE GUADALUPE,5660
GUSTAVO A MADERO,LA ESCALERA,3969
GUSTAVO A MADERO,RESIDENCIAL ZACATENCO,4322
GUSTAVO A MADERO,ROSAS DEL TEPEYAC,1019
GUSTAVO A MADERO,SALVADOR DIAZ MIRON,7687
GUSTAVO A MADERO,SAN ANTONIO,724
GUSTAVO A MADERO,SAN BARTOLO ATEPEHUACAN,6666
GUSTAVO A MADERO,SAN FELIPE DE JESUS,49970
GUSTAVO A MADERO,SAN JOSE DE LA ESCALERA,3839
GUSTAVO A MADERO,SAN JOSE TICOMAN,3676
GUSTAVO A MADERO,SAN JUAN DE ARAGON,10
GUSTAVO A MADERO,SAN JUAN DE ARAGON I SECCION,17764
GUSTAVO A MADERO,SAN JUAN DE ARAGON II SECCION,13596
GUSTAVO A MADERO,SAN JUAN DE ARAGON III SECCION,11016
GUSTAVO A MADERO,SAN JUAN DE ARAGON IV SECCION,6960
GUSTAVO A MADERO,SAN JUAN DE ARAGON V SECCION,8271
GUSTAVO A MADERO,SAN JUAN DE ARAGON VI SECCION,10785
GUSTAVO A MADERO,SAN JUAN DE ARAGON VII SECCION,13406
GUSTAVO A MADERO,SAN MIGUEL,1144
GUSTAVO A MADERO,SAN PEDRO EL CHICO,4727
GUSTAVO A MADERO,SAN PEDRO ZACATENCO,8849
GUSTAVO A MADERO,SANTA ISABEL TOLA,12939
GUSTAVO A MADERO,SANTA MARIA TICOMAN,5602
GUSTAVO A MADERO,SANTA ROSA,14187
GUSTAVO A MADERO,SANTIAGO ATEPETLAC,3899
GUSTAVO A MADERO,SIETE MARAVILLAS,2466
GUSTAVO A MADERO,SOLIDARIDAD NACIONAL,1995
GUSTAVO A MADERO,TABLAS DE SAN AGUSTIN,5130
GUSTAVO A MADERO,TEPETATES,398
GUSTAVO A MADERO,TEPEYAC INSURGENTES,6526
GUSTAVO A MADERO,TLACAELEL,4076
GUSTAVO A MADERO,TLACAMACA,1552
GUSTAVO A MADERO,TLALPEXCO,9534
GUSTAVO A MADERO,TORRES LINDAVISTA,2676
GUSTAVO A MADERO,TRES ESTRELLAS,4534
GUSTAVO A MADERO,TRIUNFO DE LA REPUBLICA,3943
GUSTAVO A MADERO,VALLE DE MADERO,4084
GUSTAVO A MADERO,VALLE DEL TEPEYAC,1902
GUSTAVO A MADERO,VALLEJO,17923
GUSTAVO A MADERO,VALLEJO PONIENTE,1779
GUSTAVO A MADERO,VASCO DE QUIROGA,17244
GUSTAVO A MADERO,VILLA DE ARAGON,4688
GUSTAVO A MADERO,VILLA GUSTAVO A MADERO,3200
GUSTAVO A MADERO,VILLA HERMOSA,1212
GUSTAVO A MADERO,VISTA HERMOSA,2460
GUSTAVO A MADERO,ZONA ESCOLAR,14725
GUSTAVO A MADERO,ZONA ESCOLAR ORIENTE,13429
IZTACALCO,AGRICOLA ORIENTAL,83600
IZTACALCO,AGRICOLA PANTITLAN,60708
IZTACALCO,AMPLIACION GABRIEL RAMOS MILLAN,5568
IZTACALCO,LA ASUNCION,3578
IZTACALCO,LOS REYES,5655
IZTACALCO,SAN FRANCISCO XICALTONGO,2857
IZTACALCO,SAN MIGUEL,4663
IZTACALCO,SAN PEDRO,4667
IZTACALCO,SANTA CRUZ,2556
IZTACALCO,BARRIO SANTIAGO NORTE,4066
IZTACALCO,BARRIO SANTIAGO SUR,8051
IZTACALCO,ZAPOTLA,4467
IZTACALCO,CARLOS ZAPATA VELA,9000
IZTACALCO,CUCHILLA AGRICOLA ORIENTAL,2526
IZTACALCO,EL RODEO,5990
IZTACALCO,EX EJIDO MAGDALENA MIXIHUCA,1838
IZTACALCO,COYUYA,2154
IZTACALCO,GABRIEL RAMOS MILLAN,9519
IZTACALCO,GABRIEL RAMOS MILLAN SECCION BRAMADERO,21357
IZTACALCO,CUCHILLA GABRIEL RAMOS MILLAN,6046
IZTACALCO,GABRIEL RAMOS MILLAN SECCION TLACOTAL,8000
IZTACALCO,GRANJAS MEXICO,17523
IZTACALCO,INFONAVIT IZTACALCO,17661
IZTACALCO,INPI PICOS,2584
IZTACALCO,JARDINES TECMA,1760
IZTACALCO,JUVENTINO ROSAS,16231
IZTACALCO,LA CRUZ,4015
IZTACALCO,LOS PICOS DE IZTACALCO 1A SECCION,21094
IZTACALCO,LOS PICOS DE IZTACALCO 2A SECCION,2048
IZTACALCO,MILITAR MARTE,7111
IZTACALCO,NUEVA SANTA ANITA,2315
IZTACALCO,REFORMA IZTACCIHUATL NORTE,5699
IZTACALCO,REFORMA IZTACCIHUATL SUR,3622
IZTACALCO,SANTA ANITA,10343
IZTACALCO,TLAZINTLA,2445
IZTACALCO,VIADUCTO PIEDAD,10940
IZTACALCO,SIN NOMBRE,2069
IZTAPALAPA,BARRIO GUADALUPE,2532
IZTAPALAPA,12 DE DICIEMBRE,3690
IZTAPALAPA,ALBARRADA,1096
IZTAPALAPA,ALLAPETLALLI,2302
IZTAPALAPA,ALVARO OBREGON,7150
IZTAPALAPA,AMPLIACION BELLAVISTA,1773
IZTAPALAPA,AMPLIACION EL SANTUARIO,5039
IZTAPALAPA,AMPLIACION EL TRIUNFO,7254
IZTAPALAPA,AMPLIACION EMILIANO ZAPATA,8952
IZTAPALAPA,AMPLIACION LOS REYES,7403
IZTAPALAPA,AMPLIACION PARAJE SAN JUAN,4160
IZTAPALAPA,AMPLIACION RICARDO FLORES MAGON,2563
IZTAPALAPA,AMPLIACION SAN MIGUEL,588
IZTAPALAPA,AMPLIACION SINATEL,2796
IZTAPALAPA,AMPLIACION VERACRUZANA,1012
IZTAPALAPA,AÑO DE JUAREZ,3223
IZTAPALAPA,APATLACO,9970
IZTAPALAPA,BANJIDAL,3092
IZTAPALAPA,BARRANCA DE GUADALUPE,2415
IZTAPALAPA,BARRIO LA ASUNCION,4030
IZTAPALAPA,BARRIO SAN ANTONIO,14482
IZTAPALAPA,BARRIO SAN ANTONIO CULHUACAN,5889
IZTAPALAPA,BARRIO SAN IGNACIO,9104
IZTAPALAPA,BARRIO SAN JOSE,3099
IZTAPALAPA,BARRIO SAN LORENZO TEZONCO,5034
IZTAPALAPA,BARRIO SAN LUCAS,7072
IZTAPALAPA,BARRIO SAN MIGUEL,22757
IZTAPALAPA,BARRIO SAN PABLO,5455
IZTAPALAPA,BARRIO SAN PEDRO,5046
IZTAPALAPA,SAN SIMON CULHUACAN,5055
IZTAPALAPA,BARRIO SANTA BARBARA,15821
IZTAPALAPA,BARRIO TULA CULHUACAN,873
IZTAPALAPA,BELLAVISTA,2732
IZTAPALAPA,BENITO JUAREZ,1357
IZTAPALAPA,BUENAVISTA,35668
IZTAPALAPA,CACAMA,3902
IZTAPALAPA,CAMPESTRE POTRERO,20373
IZTAPALAPA,CANANEA,2269
IZTAPALAPA,CARLOS HANK GONZALEZ,7121
IZTAPALAPA,CARLOS JONGITUD BARRIOS,3657
IZTAPALAPA,CASA BLANCA,4502
IZTAPALAPA,CELOALLIOTLI,14319
IZTAPALAPA,CENTRAL DE ABASTOS,418
IZTAPALAPA,CERRO DE LA ESTRELLA,21070
IZTAPALAPA,CHINAMPAC DE JUAREZ,53468
IZTAPALAPA,CITLALLI,11548
IZTAPALAPA,COLONIAL IZTAPALAPA,5534
IZTAPALAPA,CONSEJO AGRARISTA MEXICANO,28640
IZTAPALAPA,CONSTITUCION DE 1917,14359
IZTAPALAPA,CUCHILLA DEL MORAL,3347
IZTAPALAPA,DEGOLLADO,3468
IZTAPALAPA,DESARROLLO URBANO QUETZALCOATL,61837
IZTAPALAPA,DOCTOR ALFONSO ORTIZ TIRADO,3951
IZTAPALAPA,EJERCITO DE AGUA PRIETA,19963
IZTAPALAPA,EJERCITO DE ORIENTE,7853
IZTAPALAPA,EJERCITO DE ORIENTE ZONA PEÑON,18111
IZTAPALAPA,EL EDEN,1652
IZTAPALAPA,EL MANTO,5033
IZTAPALAPA,EL MIRADOR,4191
IZTAPALAPA,EL MOLINO,1213
IZTAPALAPA,EL MOLINO TEZONCO,5743
IZTAPALAPA,EL PARAISO,14822
IZTAPALAPA,EL PRADO,2173
IZTAPALAPA,EL RETOÑO,8035
IZTAPALAPA,EL RODEO,6940
IZTAPALAPA,EL ROSARIO,5836
IZTAPALAPA,EL SANTUARIO,4046
IZTAPALAPA,EL SIFON,11872
IZTAPALAPA,EL TRIANGULO,2759
IZTAPALAPA,EL TRIUNFO,3326
IZTAPALAPA,VERGEL,18208
IZTAPALAPA,ERMITA ZARAGOZA,27889
IZTAPALAPA,ESCUADRON 201,12650
IZTAPALAPA,ESTADO DE VERACRUZ,904
IZTAPALAPA,ESTRELLA CULHUACAN,2214
IZTAPALAPA,ESTRELLA DEL SUR,7407
IZTAPALAPA,EVA SAMANO DE LOPEZ MATEOS,1720
IZTAPALAPA,FRANCISCO VILLA,10404
IZTAPALAPA,FUEGO NUEVO,9928
IZTAPALAPA,GRANJAS SAN ANTONIO,3240
IZTAPALAPA,GRANJAS ESMERALDA,1559
IZTAPALAPA,GRANJAS ESTRELLA,4633
IZTAPALAPA,GUADALUPE DEL MORAL,15018
IZTAPALAPA,HEROES DE CHURUBUSCO,5454
IZTAPALAPA,INSURGENTES,5722
IZTAPALAPA,IXTLAHUACAN,15414
IZTAPALAPA,JACARANDAS,6412
IZTAPALAPA,JARDINES DE CHURUBUSCO,1682
IZTAPALAPA,JARDINES DE SAN LORENZO TEZONCO,6865
IZTAPALAPA,JOSE LOPEZ PORTILLO,20390
IZTAPALAPA,JOSE MARIA MORELOS Y PAVON,2151
IZTAPALAPA,JUAN ESCUTIA,25135
IZTAPALAPA,JUSTO SIERRA,975
IZTAPALAPA,LA ERA,7673
IZTAPALAPA,LA ESPERANZA,12181
IZTAPALAPA,LA PLANTA,5883
IZTAPALAPA,LA POLVORILLA,14295
IZTAPALAPA,LA REGADERA,739
IZTAPALAPA,LAS PEÑAS,12648
IZTAPALAPA,LEYES DE REFORMA 1ERA SECCION,7712
IZTAPALAPA,LEYES DE REFORMA 2DA SECCION,4143
IZTAPALAPA,LEYES DE REFORMA 3ERA SECCION,28106
IZTAPALAPA,LOMAS DE LA ESTANCIA,28401
IZTAPALAPA,LOMAS DE SAN LORENZO,42807
IZTAPALAPA,LOMAS DE SANTA CRUZ,5112
IZTAPALAPA,LOMAS DE ZARAGOZA,15950
IZTAPALAPA,LOMAS EL MANTO,3488
IZTAPALAPA,LOMAS ESTRELLA,14701
IZTAPALAPA,LOS ANGELES,14909
IZTAPALAPA,LOS ANGELES APANOAYA,3411
IZTAPALAPA,LOS CIPRESES,1937
IZTAPALAPA,LOS PICOS,3175
IZTAPALAPA,MIGUEL DE LA MADRID HURTADO,15432
IZTAPALAPA,MINERVA,1433
IZTAPALAPA,MIRAVALLES,14372
IZTAPALAPA,MIXCOATL,6933
IZTAPALAPA,MONTE ALBAN,4157
IZTAPALAPA,NUEVA ROSITA,4310
IZTAPALAPA,PALMITAS,14077
IZTAPALAPA,PARAJE SAN JUAN,11232
IZTAPALAPA,PARAJE SAN JUAN CERRO,8550
IZTAPALAPA,PARAJE ZACATEPEC,10423
IZTAPALAPA,PARQUE NACIONAL CERRO DE LA ESTRELLA,1569
IZTAPALAPA,PASEOS DE CHURUBUSCO,7403
IZTAPALAPA,PLAN DE IGUALA,1674
IZTAPALAPA,PRESIDENTES DE MEXICO,17434
IZTAPALAPA,PROGRESISTA,17508
IZTAPALAPA,PROGRESO DEL SUR,2051
IZTAPALAPA,PUEBLO ACULCO,5435
IZTAPALAPA,PUEBLO CULHUACAN,5383
IZTAPALAPA,LOS REYES CULHUACAN,6638
IZTAPALAPA,MAGDALENA ATLAZOLPA,5517
IZTAPALAPA,MEXICALTZINGO,2666
IZTAPALAPA,PUEBLO SAN ANDRES TOMATLAN,2480
IZTAPALAPA,SAN JUANICO NEXTIPAC,1633
IZTAPALAPA,PUEBLO SAN LORENZO TEZONCO,7917
IZTAPALAPA,SAN LORENZO XICOTENCATL,5195
IZTAPALAPA,PUEBLO SAN SEBASTIAN TECOLOXTITLAN,6869
IZTAPALAPA,PUEBLO SANTA CRUZ MEYEHUALCO,13361
IZTAPALAPA,PUEBLO SANTA MARIA AZTAHUACAN,11735
IZTAPALAPA,SANTA MARIA TOMATLAN,8993
IZTAPALAPA,PUEBLO SANTA MARTHA ACATITLA,19402
IZTAPALAPA,PUEBLO SANTIAGO ACAHUALTEPEC,8798
IZTAPALAPA,PUENTE BLANCO,7113
IZTAPALAPA,PURISIMA ATLAZOLPA,2514
IZTAPALAPA,REAL DEL MORAL,4679
IZTAPALAPA,REFORMA POLITICA,18330
IZTAPALAPA,RENOVACION,16233
IZTAPALAPA,RICARDO FLORES MAGON,1620
IZTAPALAPA,SAN ANDRES TETEPILCO,14371
IZTAPALAPA,SAN ANDRES TOMATLAN,2058
IZTAPALAPA,SAN ANTONIO CULHUACAN,1056
IZTAPALAPA,SAN JOSE ACULCO,7395
IZTAPALAPA,SAN JOSE BUENAVISTA,3705
IZTAPALAPA,SAN JUAN ESTRELLA,3993
IZTAPALAPA,SAN JUAN JOYA,4199
IZTAPALAPA,SAN JUAN XALPA,31297
IZTAPALAPA,SAN MIGUEL 8VA  AMPLIACION,1235
IZTAPALAPA,SAN MIGUEL TEOTONGO SECCION ACORRALADO,1712
IZTAPALAPA,SAN MIGUEL TEOTONGO SECCION AVISADERO,2210
IZTAPALAPA,SAN MIGUEL TEOTONGO SECCION CAPILLA,2251
IZTAPALAPA,SAN MIGUEL TEOTONGO SECCION CORRALES,3668
IZTAPALAPA,SAN MIGUEL TEOTONGO SECCION GUADALUPE,6613
IZTAPALAPA,SAN MIGUEL TEOTONGO SECCION IZTLAHUACA,3369
IZTAPALAPA,SAN MIGUEL TEOTONGO SECCION JARDINES,3340
IZTAPALAPA,SAN MIGUEL TEOTONGO SECCION LA CRUZ,5300
IZTAPALAPA,SAN MIGUEL TEOTONGO SECCION LOMA ALTA,3208
IZTAPALAPA,SAN MIGUEL TEOTONGO SECCION MERCEDES,4020
IZTAPALAPA,SAN MIGUEL TEOTONGO SECCION PALMITAS,4511
IZTAPALAPA,SAN MIGUEL TEOTONGO SECCION PUENTE,7712
IZTAPALAPA,SAN MIGUEL TEOTONGO SECCION RANCHITO,4749
IZTAPALAPA,SAN MIGUEL TEOTONGO SECCION RANCHO BAJO,1808
IZTAPALAPA,SAN MIGUEL TEOTONGO SECCION TORRES,1349
IZTAPALAPA,SAN NICOLAS TOLENTINO,9616
IZTAPALAPA,SAN PABLO,3028
IZTAPALAPA,SANTA CRUZ MEYEHUALCO,20417
IZTAPALAPA,SANTA ISABEL INDUSTRIAL,538
IZTAPALAPA,SANTA MARIA AZTAHUACAN,24303
IZTAPALAPA,SANTA MARIA AZTAHUACAN AMPLIACION,7623
IZTAPALAPA,SANTA MARIA DEL MONTE,1316
IZTAPALAPA,SANTA MARTHA ACATITLA NORTE,36329
IZTAPALAPA,SANTA MARTHA ACATITLA SUR,19886
IZTAPALAPA, 2A AMPLIACION SANTIAGO ACAHUALTEPEC,22368
IZTAPALAPA, 1A AMPLIACION SANTIAGO ACAHUALTEPEC,5666
IZTAPALAPA,SECTOR POPULAR,9261
IZTAPALAPA,SIDERAL,2126
IZTAPALAPA,SINATEL,2445
IZTAPALAPA,TENORIOS,14865
IZTAPALAPA,TEPALCATES,16834
IZTAPALAPA,EJERCITO CONSTITUCIONALISTA,18394
IZTAPALAPA,UNIDAD MODELO,6062
IZTAPALAPA,UNIDAD VICENTE GUERRERO,37812
IZTAPALAPA,USCOVI,2630
IZTAPALAPA,VALLE DE LUCES,12365
IZTAPALAPA,VALLE DE SAN LORENZO,17582
IZTAPALAPA,VALLE DEL SUR,6524
IZTAPALAPA,XALPA,32324
IZTAPALAPA,ZACAHUITZCO,5056
LA MAGDALENA CONTRERAS,AMPLIACION LOMAS DE SAN BERNABE,5290
LA MAGDALENA CONTRERAS,AMPLIACION POTRERILLO,2046
LA MAGDALENA CONTRERAS,ATACAXCO,2837
LA MAGDALENA CONTRERAS,BARRANCA SECA,4034
LA MAGDALENA CONTRERAS,LAS CALLES,381
LA MAGDALENA CONTRERAS,SAN FRANCISCO,7037
LA MAGDALENA CONTRERAS,BARROS SIERRA,4336
LA MAGDALENA CONTRERAS,CUAUHTEMOC,6753
LA MAGDALENA CONTRERAS,EL ERMITAÑO,5560
LA MAGDALENA CONTRERAS,EL MAESTRO ANTES BATAN VIEJO,1503
LA MAGDALENA CONTRERAS,EL ROSAL,7650
LA MAGDALENA CONTRERAS,EL TANQUE,9492
LA MAGDALENA CONTRERAS,EL TORO,3851
LA MAGDALENA CONTRERAS,HEROES DE PADIERNA,3894
LA MAGDALENA CONTRERAS,HUAYATLA,4380
LA MAGDALENA CONTRERAS,LA CARBONERA,5040
LA MAGDALENA CONTRERAS,LA CONCEPCION,2038
LA MAGDALENA CONTRERAS,LA CRUZ,5561
LA MAGDALENA CONTRERAS,GUADALUPE,1540
LA MAGDALENA CONTRERAS,LA MALINCHE,9947
LA MAGDALENA CONTRERAS,LAS CRUCES,12347
LA MAGDALENA CONTRERAS,LAS HUERTAS,1047
LA MAGDALENA CONTRERAS,LOMAS DE SAN BERNABE,8835
LA MAGDALENA CONTRERAS,LOMAS QUEBRADAS,4517
LA MAGDALENA CONTRERAS,LOS PADRES,7276
LA MAGDALENA CONTRERAS,PALMAS,2527
LA MAGDALENA CONTRERAS,POTRERILLO,2869
LA MAGDALENA CONTRERAS,PUEBLO LA MAGDALENA CONTRERAS,2427
LA MAGDALENA CONTRERAS,PUEBLO NUEVO ALTO,6691
LA MAGDALENA CONTRERAS,PUEBLO NUEVO BAJO,3652
LA MAGDALENA CONTRERAS,PUEBLO SAN BERNABE OCOTEPEC,11932
LA MAGDALENA CONTRERAS,PUEBLO SAN NICOLAS TOTOLAPAN,21516
LA MAGDALENA CONTRERAS,SAN BARTOLO AMEYALCO,5035
LA MAGDALENA CONTRERAS,SAN FRANCISCO,2109
LA MAGDALENA CONTRERAS,SAN JERONIMO ACULCO,6842
LA MAGDALENA CONTRERAS,SAN JERONIMO LIDICE,22859
LA MAGDALENA CONTRERAS,SANTA TERESA,4011
LA MAGDALENA CONTRERAS,TIERRA UNIDA,3558
LA MAGDALENA CONTRERAS,VISTA HERMOSA,2259
MIGUEL HIDALGO,10 DE ABRIL,333
MIGUEL HIDALGO,16 DE SEPTIEMBRE,1383
MIGUEL HIDALGO,5 DE MAYO,3721
MIGUEL HIDALGO,AGRICULTURA,4546
MIGUEL HIDALGO,AHUEHUETES ANAHUAC,2101
MIGUEL HIDALGO,AMERICA,6050
MIGUEL HIDALGO,AMPLIACION DANIEL GARZA,6209
MIGUEL HIDALGO,AMPLIACION GRANADA,3582
MIGUEL HIDALGO,AMPLIACION POPO,591
MIGUEL HIDALGO,AMPLIACION TORREBLANCA,3005
MIGUEL HIDALGO,ANAHUAC I SECCION,11104
MIGUEL HIDALGO,ANAHUAC II SECCION,22432
MIGUEL HIDALGO,ANZURES,6709
MIGUEL HIDALGO,ARGENTINA ANTIGUA,6434
MIGUEL HIDALGO,ARGENTINA PONIENTE,12764
MIGUEL HIDALGO,BOSQUES DE LAS LOMAS,8375
MIGUEL HIDALGO,CUAUHTEMOC PENSIL,3612
MIGUEL HIDALGO,DANIEL GARZA,4828
MIGUEL HIDALGO,DEPORTIVO PENSIL,3244
MIGUEL HIDALGO,ANAHUAC DOS LAGOS,663
MIGUEL HIDALGO,ESCANDON,26633
MIGUEL HIDALGO,ESCANDON I SECCION,12282
MIGUEL HIDALGO,ESCANDON II SECCION,14351
MIGUEL HIDALGO,FRANCISCO I MADERO,2238
MIGUEL HIDALGO,GRANADA,6330
MIGUEL HIDALGO,HUICHAPAN,2096
MIGUEL HIDALGO,IGNACIO MANUEL ALTAMIRANO,1247
MIGUEL HIDALGO,IRRIGACION,4198
MIGUEL HIDALGO,LAGO NORTE,1250
MIGUEL HIDALGO,LAGO SUR,1938
MIGUEL HIDALGO,LEGARIA,2674
MIGUEL HIDALGO,LOMAS ALTAS,1977
MIGUEL HIDALGO,LOMAS DE BEZARES,3943
MIGUEL HIDALGO,LOMAS DE CHAPULTEPEC I SECCION,1785
MIGUEL HIDALGO,LOMAS DE CHAPULTEPEC II SECCION,1545
MIGUEL HIDALGO,LOMAS DE CHAPULTEPEC  III SECCION,3938
MIGUEL HIDALGO,LOMAS DE CHAPULTEPEC  IV SECCION,2399
MIGUEL HIDALGO,LOMAS DE CHAPULTEPEC  V SECCION,2382
MIGUEL HIDALGO,LOMAS DE CHAPULTEPEC  VI SECCION,1803
MIGUEL HIDALGO,LOMAS DE CHAPULTEPEC  VII SECCION,556
MIGUEL HIDALGO,LOMAS DE CHAPULTEPEC  VIII SECCION,5322
MIGUEL HIDALGO,LOMAS DE REFORMA,1519
MIGUEL HIDALGO,LOMAS DE SOTELO,5017
MIGUEL HIDALGO,LOMA HERMOSA,4962
MIGUEL HIDALGO,MANZANOS,6007
MIGUEL HIDALGO,MANUEL AVILA CAMACHO,292
MIGUEL HIDALGO,ANAHUAC MARIANO ESCOBEDO,2060
MIGUEL HIDALGO,MEXICO NUEVO,4280
MIGUEL HIDALGO,MODELO PENSIL,2894
MIGUEL HIDALGO,MOLINO DEL REY,539
MIGUEL HIDALGO,NEXTITLA,1628
MIGUEL HIDALGO,OBSERVATORIO,5101
MIGUEL HIDALGO,PENSIL NORTE,10409
MIGUEL HIDALGO,PENSIL SUR,2727
MIGUEL HIDALGO,ANAHUAC PERALITOS,1544
MIGUEL HIDALGO,PERIODISTA,716
MIGUEL HIDALGO,PLUTARCO ELIAS CALLES,1549
MIGUEL HIDALGO,POLANCO  I SECCION,5336
MIGUEL HIDALGO,POLANCO  II SECCION,5227
MIGUEL HIDALGO,POLANCO  III SECCION,4418
MIGUEL HIDALGO,POLANCO  IV SECCION,4685
MIGUEL HIDALGO,POLANCO  V SECCION,11389
MIGUEL HIDALGO,POPO,2152
MIGUEL HIDALGO,POPOTLA,15585
MIGUEL HIDALGO,REAL DE LOMAS,830
MIGUEL HIDALGO,REFORMA PENSIL,4034
MIGUEL HIDALGO,REFORMA SOCIAL,5081
MIGUEL HIDALGO,RESIDENCIAL MILITAR,4770
MIGUEL HIDALGO,SAN DIEGO OCOYOACAC,4853
MIGUEL HIDALGO,SAN JOAQUIN,3569
MIGUEL HIDALGO,SAN JUANICO,6833
MIGUEL HIDALGO,SAN LORENZO TLALTENANGO,1195
MIGUEL HIDALGO,SAN MIGUEL CHAPULTEPEC,11986
MIGUEL HIDALGO,SAN MIGUEL CHAPULTEPEC  I SECCION,7671
MIGUEL HIDALGO,SAN MIGUEL CHAPULTEPEC  II SECCION,4315
MIGUEL HIDALGO,SANTO TOMAS,562
MIGUEL HIDALGO,TACUBA,12599
MIGUEL HIDALGO,TACUBAYA,8447
MIGUEL HIDALGO,TLAXPANA,8059
MIGUEL HIDALGO,TORREBLANCA,6371
MIGUEL HIDALGO,UN HOGAR PARA NOSOTROS,806
MIGUEL HIDALGO,VENTURA PEREZ DE ALBA,2703
MIGUEL HIDALGO,VERONICA ANZURES,3056
MILPA ALTA,BARRIO SAN AGUSTIN,1414
MILPA ALTA,BARRIO SAN MIGUEL,4577
MILPA ALTA,BARRIO CENTRO,2297
MILPA ALTA,SAN PABLO OZTOTEPEC,2604
MILPA ALTA,BARRIO CRUZTITLA,5948
MILPA ALTA,BARRIO LA CONCEPCION,1848
MILPA ALTA,BARRIO LA LUPITA TETICPAC,1092
MILPA ALTA,BARRIO LA LUPITA XOLCO,321
MILPA ALTA,BARRIO LA LUZ,815
MILPA ALTA,BARRIO LOS ANGELES,671
MILPA ALTA,BARRIO NUCHTLA,1407
MILPA ALTA,BARRIO OCOTITLA,2120
MILPA ALTA,BARRIO PANCHIMALCO,3221
MILPA ALTA,SAN JOSE,2871
MILPA ALTA,BARRIO SAN JUAN,3277
MILPA ALTA,SAN MARCOS TLACOTENCO,3861
MILPA ALTA,BARRIO SAN MATEO,3427
MILPA ALTA,BARRIO SAN MIGUEL,2248
MILPA ALTA,BARRIO SANTA CRUZ,3627
MILPA ALTA,BARRIO SANTA MARTHA,4479
MILPA ALTA,BARRIO TECAXTITLA,3390
MILPA ALTA,BARRIO TENANTITLA,3452
MILPA ALTA,BARRIO TULA,1080
MILPA ALTA,BARRIO XALTIPAC,1430
MILPA ALTA,BARRIO XOCHITEPEC,6995
MILPA ALTA,LA CONCHITA,3490
MILPA ALTA,PUEBLO SAN AGUSTIN OHTENCO,1754
MILPA ALTA,SAN BARTOLOME XICOMULCO,2801
MILPA ALTA,SAN FRANCISCO TECOXPA,3441
MILPA ALTA,PUEBLO SAN JERONIMO MIACATLAN,2894
MILPA ALTA,PUEBLO SAN JUAN TEPENAHUAC,1352
MILPA ALTA,SAN LORENZO TLACOYUCAN,3495
MILPA ALTA,SAN SALVADOR CUAUHTENCO,7840
MILPA ALTA,CENTRO MILPA ALTA,4
TLAHUAC,SANTIAGO NORTE,3992
TLAHUAC,LA CONCHITA ZAPOTITLAN,18658
TLAHUAC,MIGUEL HIDALGO,22374
TLAHUAC,AGRICOLA METROPOLITANA,6765
TLAHUAC,AMPLIACION JOSE LOPEZ PORTILLO,3282
TLAHUAC,AMPLIACION LA CONCHITA,825
TLAHUAC,AMPLIACION LOS OLIVOS,7581
TLAHUAC,AMPLIACION SANTA CATARINA,540
TLAHUAC,AMPLIACION SELENE,5945
TLAHUAC,AMPLIACION ZAPOTITLA,766
TLAHUAC,BARRIO LA ASUNCION,3064
TLAHUAC,BARRIO LA CONCEPCION,1755
TLAHUAC,BARRIO LA CONCEPCION,1559
TLAHUAC,BARRIO LA GUADALUPE,2948
TLAHUAC,BARRIO LA GUADALUPE,1589
TLAHUAC,BARRIO LA MAGDALENA,1043
TLAHUAC,BARRIO LA SOLEDAD,2370
TLAHUAC,BARRIO LOS REYES,3036
TLAHUAC,BARRIO LOS REYES,3405
TLAHUAC,BARRIO SAN AGUSTIN,2219
TLAHUAC,BARRIO SAN AGUSTIN,1667
TLAHUAC,SAN ANDRES,1818
TLAHUAC,BARRIO SAN BARTOLO MIXQUIC,3182
TLAHUAC,SAN JUAN,896
TLAHUAC,BARRIO SAN MATEO,4982
TLAHUAC,BARRIO SAN MIGUEL,783
TLAHUAC,BARRIO SAN MIGUEL,2468
TLAHUAC,BARRIO SAN MIGUEL,2650
TLAHUAC,BARRIO SAN SEBASTIAN,5929
TLAHUAC,SANTA ANA,1153
TLAHUAC,SANTA ANA CENTRO,1444
TLAHUAC,SANTA ANA NORTE,7827
TLAHUAC,SANTA ANA PONIENTE,17673
TLAHUAC,SANTA ANA SUR,2300
TLAHUAC,BARRIO SANTA CRUZ,1854
TLAHUAC,BARRIO SANTIAGO ZAPOTITLAN,1477
TLAHUAC,SANTIAGO CENTRO,2437
TLAHUAC,SANTIAGO SUR,4195
TLAHUAC,DEL MAR,18318
TLAHUAC,EL ROSARIO,3779
TLAHUAC,EL TRIANGULO,710
TLAHUAC,FRANCISCO VILLA,1384
TLAHUAC,GRANJAS CABRERA,1821
TLAHUAC,GUADALUPE TLALTENCO,3841
TLAHUAC,JAIME TORRES BODET,8037
TLAHUAC,JARDINES DEL LLANO,1597
TLAHUAC,LA ASUNCION,2115
TLAHUAC,LA DRAGA,6881
TLAHUAC,LA ESTACION,12609
TLAHUAC,LA HABANA,5062
TLAHUAC,BARRIO LA LUPITA,2378
TLAHUAC,LA NOPALERA,6711
TLAHUAC,LA TURBA,2253
TLAHUAC,LAS ARBOLEDAS,11829
TLAHUAC,LOS OLIVOS,7295
TLAHUAC,OJO DE AGUA,3205
TLAHUAC,PEÑA ALTA,2540
TLAHUAC,POTRERO DEL LLANO,647
TLAHUAC,PUEBLO SAN FRANCISCO TLALTENCO,11308
TLAHUAC,SAN NICOLAS TETELCO,2649
TLAHUAC,QUIAHUATLA,6171
TLAHUAC,SAN ISIDRO,2349
TLAHUAC,SAN JOSE,8402
TLAHUAC,SANTA CECILIA,6207
TLAHUAC,SELENE,15755
TLAHUAC,TEPANTITLAMILCO,758
TLAHUAC,TIERRA BLANCA,2452
TLAHUAC,VILLA CENTROAMERICANA Y DEL CARIBE,10134
TLAHUAC,ZACATENCO,2283
TLAHUAC,ZAPOTITLA,7589
TLALPAN,2 DE OCTUBRE,5212
TLALPAN,AMSA,781
TLALPAN,AMPLIACION FUENTES DEL PEDREGAL,4217
TLALPAN,ISIDRO FABELA SECCION CANTIL,2608
TLALPAN,ARBOLEDAS DEL SUR,5523
TLALPAN,ARENAL DE GUADALUPE,1039
TLALPAN,ARENAL TEPEPAN,735
TLALPAN,BARRIO DE CARAMAGUEY,1413
TLALPAN,BARRIO NIÑO JESUS,2062
TLALPAN,EL CAPULIN,2639
TLALPAN,BARRIO EL TRUENITO,328
TLALPAN,BARRIO LA FAMA,1633
TLALPAN,BARRIO LA LONJA,1776
TLALPAN,BARRIO SAN FERNANDO,239
TLALPAN,BELISARIO DOMINGUEZ,687
TLALPAN,BELISARIO DOMINGUEZ SECCION XVI,2966
TLALPAN,BELVEDERE AJUSCO,3562
TLALPAN,BOSQUES DEL PEDREGAL,7241
TLALPAN,CANTERA PUENTE DE PIEDRA,3277
TLALPAN,CHICHICASPATL,4152
TLALPAN,CHIMALLI,658
TLALPAN,CHIMILLI,1732
TLALPAN,CLUB DE GOLF MEXICO,1401
TLALPAN,COLINAS DEL AJUSCO,1536
TLALPAN,COLINAS DEL BOSQUE,4741
TLALPAN,COMUNEROS  SANTA URSULA,1890
TLALPAN,CRUZ DEL FAROL,3486
TLALPAN,CUCHILLA DE PADIERNA,3197
TLALPAN,CULTURA MAYA,3704
TLALPAN,CUMBRES DE TEPETONGO,1318
TLALPAN,DIVISADERO,1654
TLALPAN,EJIDOS DE SAN PEDRO MARTIR,14642
TLALPAN,EL MIRADOR 1A SECCION,2151
TLALPAN,EL MIRADOR 2A SECCION,1066
TLALPAN,EL MIRADOR 3A SECCION,1103
TLALPAN,HACIENDA COAPA,3781
TLALPAN,EX HACIENDA SAN JUAN DE DIOS,5809
TLALPAN,FLORESTA COYOACAN,1597
TLALPAN,FUENTES BROTANTES,9290
TLALPAN,FUENTES DE TEPEPAN,4929
TLALPAN,FUENTES DEL PEDREGAL,3863
TLALPAN,GRANJAS COAPA,10699
TLALPAN,GUADALUPE,1642
TLALPAN,HACIENDA SAN JUAN,2418
TLALPAN,HEROES DE PADIERNA,15009
TLALPAN,HEROICO COLEGIO MILITAR,4562
TLALPAN,ISIDRO FABELA,13688
TLALPAN,JARDINES DEL AJUSCO,4337
TLALPAN,JARDINES EN LA MONTAÑA,4221
TLALPAN,JUVENTUD UNIDA,462
TLALPAN,LA JOYA,2506
TLALPAN,LA PALMA,9650
TLALPAN,LAS TORTOLAS,186
TLALPAN,LOMAS DE CUILOTEPEC,2018
TLALPAN,LOMAS DE PADIERNA,21186
TLALPAN,LOMAS DE PADIERNA SUR,5836
TLALPAN,LOMAS DEL PEDREGAL,913
TLALPAN,LOS FRAMBOYANES,837
TLALPAN,LOMAS HIDALGO,2277
TLALPAN,LOS ENCINOS,2067
TLALPAN,LOS VOLCANES,4500
TLALPAN,MAGISTERIAL,1354
TLALPAN,MAGISTERIAL COAPA,1976
TLALPAN,MARIA ESTHER ZUNO DE ECHEVERRIA,2805
TLALPAN,MESA DE LOS HORNOS,8517
TLALPAN,MIGUEL HIDALGO,10539
TLALPAN,MIGUEL HIDALGO 1A SECCION,3276
TLALPAN,MIGUEL HIDALGO 2A SECCION,11336
TLALPAN,MIGUEL HIDALGO 3A SECCION,14985
TLALPAN,MIGUEL HIDALGO 4A SECCION,8912
TLALPAN,MIRADOR DEL VALLE,898
TLALPAN,MIRADOR I,1253
TLALPAN,MIRADOR II,4698
TLALPAN,MOVIMIENTO ORGANIZADO DE TLALPAN,281
TLALPAN,NARCISO MENDOZA,16885
TLALPAN,NUEVA ORIENTAL COAPA,2272
TLALPAN,NUEVO RENACIMIENTO DE AXALCO,2617
TLALPAN,PARQUES DEL PEDREGAL,2412
TLALPAN,PEDREGAL DE LAS AGUILAS,2241
TLALPAN,PEDREGAL DE SAN NICOLAS 1A SECCION,11513
TLALPAN,PEDREGAL DE SAN NICOLAS 2A SECCION,7604
TLALPAN,PEDREGAL DE SAN NICOLAS 3A SECCION,9979
TLALPAN,PEDREGAL DE SAN NICOLAS 4A SECCION,13446
TLALPAN,PEDREGAL DE SAN NICOLAS 5A SECCION,4848
TLALPAN,PEDREGAL DE SANTA URSULA XITLA,6366
TLALPAN,PEÑA POBRE,430
TLALPAN,PLAN DE AYALA,1266
TLALPAN,POPULAR SANTA TERESA,7139
TLALPAN,PRADO COAPA 1A SECCION,1190
TLALPAN,PRADO COAPA 2A SECCION,3357
TLALPAN,PRADO COAPA 3A SECCION,2511
TLALPAN,CHIMALCOYOTL,6140
TLALPAN,MAGDALENA PETLACALCO,6591
TLALPAN,PARRES EL GUARDA,2589
TLALPAN,PUEBLO QUIETO,474
TLALPAN,SAN ANDRES TOTOLTEPEC,16503
TLALPAN,PUEBLO SAN LORENZO HUIPULCO,6294
TLALPAN,PUEBLO SAN MIGUEL AJUSCO,11306
TLALPAN,PUEBLO SAN MIGUEL TOPILEJO,24094
TLALPAN,PUEBLO SAN MIGUEL XICALCO,7223
TLALPAN,PUEBLO SAN PEDRO MARTIR,15531
TLALPAN,SANTA URSULA XITLA,10749
TLALPAN,SANTO TOMAS AJUSCO,11347
TLALPAN,RANCHO LOS COLORINES,537
TLALPAN,RESIDENCIAL ACOXPA,862
TLALPAN,RESIDENCIAL MIRAMONTES,487
TLALPAN,RESIDENCIAL VILLA COAPA,3285
TLALPAN,RINCON DEL PEDREGAL,737
TLALPAN,RINCONADA COAPA 1A SECCION,768
TLALPAN,RINCONADA COAPA 2A SECCION,2635
TLALPAN,RINCONADA EL MIRADOR,555
TLALPAN,RINCONADA LAS HADAS,981
TLALPAN,ROMULO SANCHEZ MIRELES,393
TLALPAN,SAN BARTOLO EL CHICO,1811
TLALPAN,SAN BUENAVENTURA,730
TLALPAN,SAN JUAN TEPEXIMILPA,6286
TLALPAN,SAN PEDRO APOSTOL,1626
TLALPAN,SANTISIMA TRINIDAD,1623
TLALPAN,TECORRAL,989
TLALPAN,TENORIOS,5180
TLALPAN,TEXCALTENCO,91
TLALPAN,TLALCOLIGIA,4396
TLALPAN,TLALMILLE,2773
TLALPAN,TLALPAN,4052
TLALPAN,TLALPAN CENTRO,5855
TLALPAN,TLALPUENTE,1169
TLALPAN,TLAXCALTENCO LA MESA,1236
TLALPAN,TORIELLO GUERRA,4876
TLALPAN,TORRES DE PADIERNA,2283
TLALPAN,VALLE DE TEPEPAN,2474
TLALPAN,VALLE ESCONDIDO,1903
TLALPAN,VERGEL COAPA,765
TLALPAN,VERGEL DE COYOACAN,1846
TLALPAN,VERGEL DEL SUR,488
TLALPAN,VILLA COAPA,738
TLALPAN,VILLA LAZARO CARDENAS,3047
TLALPAN,VILLA OLIMPICA,1545
TLALPAN,VILLA TLALPAN,4476
TLALPAN,VISTAS DEL PEDREGAL,2522
TLALPAN,VIVEROS  COATECTLAN,1859
TLALPAN,ZACAYUCAN PEÑA POBRE,713
VENUSTIANO CARRANZA,AMPLIACION CARACOL,4658
VENUSTIANO CARRANZA,1 DE MAYO,1810
VENUSTIANO CARRANZA,10 DE MAYO,2962
VENUSTIANO CARRANZA,1A SECCION ARENAL,5571
VENUSTIANO CARRANZA,20 DE NOVIEMBRE,13001
VENUSTIANO CARRANZA,24 DE ABRIL,432
VENUSTIANO CARRANZA,2A SECCION ARENAL,2770
VENUSTIANO CARRANZA,3A SECCION ARENAL,8980
VENUSTIANO CARRANZA,CUATRO ARBOLES,4805
VENUSTIANO CARRANZA,4A SECCION ARENAL,2518
VENUSTIANO CARRANZA,20 DE NOVIEMBRE 5TO TRAMO ,6367
VENUSTIANO CARRANZA,7 DE JULIO,1908
VENUSTIANO CARRANZA,AARON SAENZ,399
VENUSTIANO CARRANZA,ADOLFO LOPEZ MATEOS,8869
VENUSTIANO CARRANZA,AERONAUTICA MILITAR,2497
VENUSTIANO CARRANZA,ALVARO OBREGON,3474
VENUSTIANO CARRANZA,AMPLIACION 20 DE NOVIEMBRE,923
VENUSTIANO CARRANZA,AMPLIACION AVIACION CIVIL,1838
VENUSTIANO CARRANZA,AMPLIACION MICHOACANA,2428
VENUSTIANO CARRANZA,AMPLIACION PENITENCIARIA,7284
VENUSTIANO CARRANZA,AMPLIACION SIMON BOLIVAR,998
VENUSTIANO CARRANZA,AMPLIACION VENUSTIANO CARRANZA,1823
VENUSTIANO CARRANZA,AQUILES SERDAN,8265
VENUSTIANO CARRANZA,ARENAL PUERTO AEREO,11084
VENUSTIANO CARRANZA,ARTES GRAFICAS,4254
VENUSTIANO CARRANZA,AVIACION CIVIL,6435
VENUSTIANO CARRANZA,AZTECA,1938
VENUSTIANO CARRANZA,CARACOL,5592
VENUSTIANO CARRANZA,CUCHILLA PANTITLAN,8197
VENUSTIANO CARRANZA,DAMIAN CARMONA,3059
VENUSTIANO CARRANZA,DEL PARQUE,2754
VENUSTIANO CARRANZA,EMILIO CARRANZA,4715
VENUSTIANO CARRANZA,ESCUELA DE TIRO,213
VENUSTIANO CARRANZA,FEDERAL,9952
VENUSTIANO CARRANZA,FELIPE ANGELES,2912
VENUSTIANO CARRANZA,IGNACIO ZARAGOZA,16642
VENUSTIANO CARRANZA,INDUSTRIAL PUERTO AEREO,99
VENUSTIANO CARRANZA,JAMAICA,2190
VENUSTIANO CARRANZA,JANITZIO,2475
VENUSTIANO CARRANZA,JARDIN BALBUENA,46624
VENUSTIANO CARRANZA,LORENZO BOTURINI,5549
VENUSTIANO CARRANZA,MAGDALENA MIXHUCA,6694
VENUSTIANO CARRANZA,MERCED BALBUENA,4200
VENUSTIANO CARRANZA,MICHOACANA,1129
VENUSTIANO CARRANZA,MOCTEZUMA 1A SECCION,10431
VENUSTIANO CARRANZA,MOCTEZUMA 2A SECCION,42795
VENUSTIANO CARRANZA,MORELOS,31505
VENUSTIANO CARRANZA,NICOLAS BRAVO,2783
VENUSTIANO CARRANZA,PENITENCIARIA,973
VENUSTIANO CARRANZA,PENSADOR MEXICANO,11729
VENUSTIANO CARRANZA,PEÑON DE LOS BAÑOS,9921
VENUSTIANO CARRANZA,POPULAR RASTRO,3374
VENUSTIANO CARRANZA,PROGRESISTA,733
VENUSTIANO CARRANZA,PUEBLA,6508
VENUSTIANO CARRANZA,PUEBLO DE LA MAGDALENA MIXHUCA,5057
VENUSTIANO CARRANZA,REVOLUCION,5325
VENUSTIANO CARRANZA,ROMERO RUBIO,11796
VENUSTIANO CARRANZA,SANTA CRUZ AVIACION,2046
VENUSTIANO CARRANZA,SEVILLA,2352
VENUSTIANO CARRANZA,SIMON BOLIVAR,5199
VENUSTIANO CARRANZA,TRES MOSQUETEROS,212
VENUSTIANO CARRANZA,VALENTIN GOMEZ FARIAS,5388
VENUSTIANO CARRANZA,VALLE GOMEZ,9558
VENUSTIANO CARRANZA,VENUSTIANO CARRANZA,3220
VENUSTIANO CARRANZA,CENTRO,18434
VENUSTIANO CARRANZA,NO IDENTIFICADA,352
XOCHIMILCO,3 DE MAYO,366
XOCHIMILCO,BARRIO AHUALAPA,718
XOCHIMILCO,BARRIO APATLACO,1460
XOCHIMILCO,BELEN,1142
XOCHIMILCO,BARRIO CALPULCO,1195
XOCHIMILCO,CALYEQUITA,1934
XOCHIMILCO,CHAPULTEPEC,634
XOCHIMILCO,BARRIO DEL PUENTE,1562
XOCHIMILCO,BARRIO EL CALVARIO,1081
XOCHIMILCO,EL ROSARIO,627
XOCHIMILCO,BARRIO LA ASUNCION,524
XOCHIMILCO,BARRIO LA ASUNCION,4599
XOCHIMILCO,LA CONCEPCION TLACOAPA,3435
XOCHIMILCO,BARRIO LA GALLERA,533
XOCHIMILCO,GUADALUPANA,1909
XOCHIMILCO,BARRIO LA GUADALUPITA,1424
XOCHIMILCO,LA PLANTA,7697
XOCHIMILCO,LA SANTISIMA,1302
XOCHIMILCO,BARRIO LAS FLORES,1523
XOCHIMILCO,LOS REYES,1130
XOCHIMILCO,BARRIO NIÑOS HEROES,2408
XOCHIMILCO,BARRIO POCITOS,1720
XOCHIMILCO,BARRIO SAN ANDRES,1249
XOCHIMILCO,BARRIO SAN ANTONIO,177
XOCHIMILCO,BARRIO SAN ANTONIO,2050
XOCHIMILCO,SAN CRISTOBAL,3566
XOCHIMILCO,SAN DIEGO,1578
XOCHIMILCO,SAN ESTEBAN,2995
XOCHIMILCO,BARRIO SAN JOSE,663
XOCHIMILCO,BARRIO SAN JUAN,1863
XOCHIMILCO,BARRIO SAN JUAN,1993
XOCHIMILCO,SAN JUAN MINAS,2426
XOCHIMILCO,SAN JUAN MOYOTEPEC,1626
XOCHIMILCO,SAN LORENZO,4521
XOCHIMILCO,BARRIO SAN MARCOS,5298
XOCHIMILCO,SAN PEDRO,2449
XOCHIMILCO,SAN SEBASTIAN,388
XOCHIMILCO,BARRIO SANTA CECILIA,600
XOCHIMILCO,SANTA CRUCITA,399
XOCHIMILCO,BARRIO TETITLA,1597
XOCHIMILCO,XALTOCAN,9823
XOCHIMILCO,BOSQUE RESIDENCIAL DEL SUR,3909
XOCHIMILCO,CERRILLOS 1A SECCION,2435
XOCHIMILCO,CERRILLOS 2A SECCION,3239
XOCHIMILCO,CERRILLOS 3A SECCION,1465
XOCHIMILCO,CRISTO REY,2867
XOCHIMILCO,DEL CARMEN,5742
XOCHIMILCO,JAZMIN,2940
XOCHIMILCO,EL MIRADOR,2285
XOCHIMILCO,EL MIRADOR,1787
XOCHIMILCO,EL SACRIFICIO,985
XOCHIMILCO,GUADALUPITA,1489
XOCHIMILCO,HUICHAPAN,5006
XOCHIMILCO,JARDINES DEL SUR,4220
XOCHIMILCO,LA CAÑADA,2424
XOCHIMILCO,LA CONCHA,2145
XOCHIMILCO,LA NORIA,3807
XOCHIMILCO,LAS ANIMAS,1407
XOCHIMILCO,LAS MESITAS,758
XOCHIMILCO,LAS PERITAS,1170
XOCHIMILCO,LOMAS DE NATIVITAS,2140
XOCHIMILCO,LOMAS DE TONALCO,1570
XOCHIMILCO,NATIVITAS,2144
XOCHIMILCO,PASEOS DEL SUR,1711
XOCHIMILCO,POTRERO DE SAN BERNARDINO,2792
XOCHIMILCO,SANTA MARIA TEPEPAN,13475
XOCHIMILCO,SAN ANDRES AHUAYUCAN,2455
XOCHIMILCO,SAN FRANCISCO TLALNEPANTLA,3008
XOCHIMILCO,SAN GREGORIO ATLAPULCO,15208
XOCHIMILCO,SAN LORENZO ATEMOAYA,1116
XOCHIMILCO,SAN LUCAS XOCHIMANCA,9139
XOCHIMILCO,SAN LUIS TLAXIALTEMALCO,3913
XOCHIMILCO,SAN MATEO XALPA,16065
XOCHIMILCO,PUEBLO SANTA CECILIA TEPETLAPA,6648
XOCHIMILCO,SANTA CRUZ XOCHITEPEC,12257
XOCHIMILCO,PUEBLO SANTA MARIA NATIVITAS,8034
XOCHIMILCO,SANTIAGO TEPALCATLALPAN,12018
XOCHIMILCO,QUIRINO MENDOZA,1668
XOCHIMILCO,RANCHO TEJOMULCO,1375
XOCHIMILCO,RINCONADA COAPA,71
XOCHIMILCO,ROSARIO TLALI,1052
XOCHIMILCO,SAN BARTOLO EL CHICO,439
XOCHIMILCO,SAN FELIPE DE JESUS,4067
XOCHIMILCO,SAN ISIDRO,1006
XOCHIMILCO,SAN JERONIMO,3044
XOCHIMILCO,SAN JUAN TEPEPAN,4161
XOCHIMILCO,SAN LORENZO LA CEBADA,20711
XOCHIMILCO,ORIENTE,842
XOCHIMILCO,SANTA CRUZ CHAVARRIETA,1856
XOCHIMILCO,SANTA CRUZ DE GUADALUPE,2485
XOCHIMILCO,SANTA INES,565
XOCHIMILCO,SANTIAGUITO,604
XOCHIMILCO,TABLAS DE SAN LORENZO,3420
XOCHIMILCO,TEXMIC,1508
XOCHIMILCO,TIERRA NUEVA,1860
XOCHIMILCO,VALLE DE SANTA MARIA,409
XOCHIMILCO,XOCHIPILLI,1955